ID,Name,Score
1,Student1,60
2,Student2,56
3,Student3,96
4,Student4,62
5,Student5,82
6,Student6,90
7,Student7,76
8,Student8,78
9,Student9,66
10,Student10,78
11,Student11,96
12,Student12,84
13,Student13,82
14,Student14,83
15,Student15,84
16,Student16,88
17,Student17,72
18,Student18,70
19,Student19,54
20,Student20,94
21,Student21,52
22,Student22,61
23,Student23,67
24,Student24,55
25,Student25,66
26,Student26,51
27,Student27,79
28,Student28,90
29,Student29,79
30,Student30,68
31,Student31,66
32,Student32,58
33,Student33,68
34,Student34,84
35,Student35,94
36,Student36,70
37,Student37,90
38,Student38,65
39,Student39,95
40,Student40,76
41,Student41,92
42,Student42,62
43,Student43,55
44,Student44,85
45,Student45,87
46,Student46,84
47,Student47,98
48,Student48,50
49,Student49,60
50,Student50,65
51,Student51,79
52,Student52,76
53,Student53,57
54,Student54,86
55,Student55,53
56,Student56,60
57,Student57,97
58,Student58,55
59,Student59,99
60,Student60,70
61,Student61,53
62,Student62,87
63,Student63,59
64,Student64,52
65,Student65,55
66,Student66,72
67,Student67,66
68,Student68,58
69,Student69,84
70,Student70,75
71,Student71,85
72,Student72,73
73,Student73,91
74,Student74,99
75,Student75,53
76,Student76,55
77,Student77,69
78,Student78,93
79,Student79,87
80,Student80,62
81,Student81,71
82,Student82,98
83,Student83,57
84,Student84,75
85,Student85,66
86,Student86,70
87,Student87,99
88,Student88,50
89,Student89,96
90,Student90,56
91,Student91,95
92,Student92,55
93,Student93,51
94,Student94,76
95,Student95,69
96,Student96,52
97,Student97,60
98,Student98,85
99,Student99,85
100,Student100,80

