date,stock_id,Trading_Volume,Trading_money,open,max,min,close,spread,Trading_turnover
2026-09-15,2330,15215752,36376152215,2405.0,2405.0,2380.0,2385.0,5.0,84331
2026-09-16,2330,20919285,49812874845,2375.0,2395.0,2375.0,2380.0,0.0,142588
2026-09-17,2330,18116974,43933226530,2405.0,2445.0,2400.0,2425.0,45.0,61567
2026-09-18,2330,40892688,100394074139,2460.0,2460.0,2435.0,2460.0,35.0,69571
2026-09-21,2330,16086510,39772729100,2445.0,2485.0,2445.0,2480.0,20.0,69432
2026-09-22,2330,22009927,54678491997,2505.0,2510.0,2460.0,2460.0,-20.0,107604
2026-09-23,2330,22817873,56893530280,2475.0,2505.0,2475.0,2500.0,40.0,65303
2026-09-24,2330,14557662,36107476243,2480.0,2490.0,2470.0,2475.0,-25.0,75382
2026-09-29,2330,26893348,66658833984,2475.0,2495.0,2475.0,2475.0,0.0,62248
2026-09-30,2330,34282491,85388527300,2495.0,2510.0,2480.0,2480.0,5.0,83797
2026-10-01,2330,20666092,51702445610,2490.0,2510.0,2485.0,2510.0,30.0,57634
2026-10-02,2330,15792206,39508159297,2505.0,2515.0,2495.0,2500.0,-10.0,65783
2026-10-05,2330,26800187,68799148330,2550.0,2580.0,2545.0,2575.0,75.0,105264
2026-10-06,2330,19953802,51450927585,2575.0,2590.0,2565.0,2585.0,10.0,83429
